id;address;description;email;full_name;last_updated;phone;active
1;state expansion merrily;frantically ugh now;Benny79@yahoo.com;upon rapidly voluntarily;2025-03-22T02:00:52;1-285-636-3223 x30643;false
2;careless into;log hepatitis per;Joanny43@hotmail.com;psst which;2025-03-21T19:31:37;1-580-641-2255;true
3;before clone yum;decouple;Isidro_Gutkowski@gmail.com;birdbath;2025-03-22T02:46:33;698.776.5822;true
4;celebrate;commonly secret;Noemy.Botsford@hotmail.com;since excellent validity;2025-03-22T07:48:50;1-776-662-5407 x017;false
5;satirize permafrost juggernaut;till trench;Nellie_Hand@gmail.com;including;2025-03-21T23:37:07;934.993.1087 x45495;false
6;who before exacerbate;during provided showboat;Alene_Considine66@hotmail.com;boohoo roughly;2025-03-22T08:32:33;1-379-376-3465 x5229;true
7;woot;save;Ismael1@yahoo.com;oof;2025-03-21T23:14:38;(783) 556-6989;false
8;well-worn;quietly;Nikita_Jones6@yahoo.com;given;2025-03-22T06:17:07;789.729.2768 x602;true
9;polite solace alongside;disrespect onto absent;Michael18@hotmail.com;since tinderbox;2025-03-21T16:48:18;924-462-6406 x49225;false
10;yippee who;urban;Bill_Robel3@gmail.com;below with;2025-03-21T23:53:40;1-236-925-8623 x22697;true
